740,<= numLines,,,,,,,
S0R0,S0R1,S0R2,S0R3,S0R4,S0R5,S0R6,S0R7,S0R8
-5,5442,14332,86,-150,69,2,218,-110
-207,5678,14585,90,-176,105,4,218,-102
-155,5853,14970,118,-130,142,-8,216,-96
-208,6169,14894,156,-85,156,0,212,-104
13,6200,15026,143,-137,142,-7,207,-105
62,6240,14929,156,-148,129,-3,215,-95
26,6204,14932,179,-129,114,1,207,-113
37,6223,14707,181,-133,89,0,220,-102
127,6062,14410,155,-143,56,-8,220,-102
277,5838,14113,111,-145,19,-6,214,-104
324,5648,14085,81,-84,-15,-3,207,-95
48,5618,14047,46,-26,-50,3,207,-101
-214,5520,14179,1,-5,-71,-7,201,-105
-443,5528,14332,-14,11,-64,-2,212,-106
-561,5565,14700,-34,10,-47,-6,206,-108
-567,5613,14888,-28,-7,-22,-11,221,-107
-424,5606,15060,-25,-15,-2,-15,211,-111
-381,5561,15154,-25,-5,14,-9,217,-99
-205,5532,15235,-7,24,38,-2,212,-100
-117,5432,14625,12,37,67,-2,214,-98
-715,5510,14994,173,-352,135,-2,212,-104
-715,5510,14994,173,-352,135,-2,212,-104
882,5407,15167,-46,-46,106,-1,205,-103
723,5331,14573,-61,72,85,-3,205,-103
648,5393,14747,-64,-28,56,-9,205,-109
344,5712,15171,-145,-78,8,-5,209,-105
821,5861,15753,-147,61,-20,-7,209,-101
245,5924,15619,-120,228,-4,-5,215,-105
105,6054,15531,-77,239,7,-1,207,-101
21,5945,15632,-27,124,12,4,210,-106
298,5973,15754,-24,124,37,-4,210,-94
320,5896,15451,2,191,73,-7,215,-99
348,5893,14855,22,114,104,-4,208,-104
899,5834,14781,35,-34,129,-11,213,-101
344,4178,13507,88,-92,214,0,210,-106
1776,7042,14920,104,-132,295,-7,205,-107
1119,6241,14540,102,-66,152,3,205,-101
640,5526,13767,105,-130,153,-7,215,-109
1569,7039,15103,75,-252,207,-8,202,-106
1270,6621,14754,24,-158,113,-3,207,-105
1327,6634,14674,-27,-164,85,-8,216,-108
1128,6734,14594,-64,-199,87,-8,216,-108
1015,6898,14731,-120,-212,68,-17,201,-101
1632,9247,17128,-244,-921,167,-7,195,-103
979,6199,15448,-253,-452,-99,-5,199,-89
562,6465,14825,-57,-404,-16,-7,203,-95
1325,6638,14724,-39,-365,11,-6,198,-98
1433,6448,14788,-47,-297,-2,-5,201,-91
1556,6448,14385,-52,-185,-14,-12,202,-102
1164,6313,14290,-71,-169,-10,-14,204,-100
1624,6172,14169,-53,-265,-42,-12,196,-104
1446,6144,14128,-75,-122,-85,-14,194,-100
1241,6035,14028,-158,40,-122,-12,198,-94
1154,6002,13959,-210,173,-141,-3,205,-97
1244,6085,13909,-248,149,-142,-10,202,-96
1316,6205,13845,-261,-5,-133,-7,201,-91
1269,6180,14735,-193,-183,-101,1,201,-99
1212,6424,15001,-107,-287,-94,-6,200,-94
1311,6621,15543,-38,-400,-100,-5,207,-97
1515,6642,15997,-27,-434,-86,-5,201,-99
1757,6896,16061,8,-403,-67,0,194,-94
1771,6877,15692,70,-398,-51,-5,201,-91
1779,6905,15268,92,-476,-59,-3,193,-101
1645,6663,15167,92,-612,-81,-7,195,-91
1376,6315,15008,167,-681,-78,-2,196,-98
1492,6127,14590,219,-735,-73,-6,190,-88
1752,5941,14449,207,-727,-86,-9,193,-85
2114,6091,14732,161,-583,-94,-3,195,-85
2295,6230,14932,79,-301,-133,-1,189,-97
2088,6224,14926,9,21,-164,-5,185,-89
1685,6314,14752,2,188,-177,-14,192,-94
1448,6199,14952,22,234,-163,0,186,-94
1649,6447,14952,32,186,-108,-10,188,-96
2099,7166,15308,55,204,-181,-4,184,-88
389,6768,8813,-9,-1582,-671,-11,185,-89
1123,1256,18724,-748,-2005,-438,-2,190,-88
2507,3986,14799,-468,-13,3,-11,193,-89
2636,4942,13848,-327,738,183,-6,190,-86
1235,5188,14830,-312,613,182,5,187,-93
2491,4761,15848,-194,352,-22,-10,190,-84
2148,4162,17396,9,478,66,4,194,-88
2127,5636,15022,337,603,251,-8,190,-86
2872,5884,14797,267,328,191,2,200,-94
3710,6721,13803,199,173,187,-3,195,-93
2728,5394,14034,112,97,116,-8,192,-90
1721,5204,12031,132,325,-45,-5,187,-97
1972,4792,12383,1,-32,-150,4,200,-96
2169,5014,13683,-230,-160,-170,0,194,-94
3465,7286,14208,-443,443,-81,-5,199,-89
1698,6038,14320,-397,460,-238,4,196,-90
974,6402,15445,-145,220,-242,-3,193,-97
1589,6593,15817,-100,235,-316,6,194,-88
1877,6091,14822,-24,94,-299,-5,201,-93
1892,5941,14238,18,-198,-218,0,194,-96
2397,6212,13702,-43,-505,-160,3,197,-97
2870,6431,13449,-182,-748,-173,2,198,-92
3237,6394,14354,-178,-805,-258,-4,192,-94
1388,4808,13062,-22,-884,-148,3,195,-89
2730,6618,13896,-50,-1079,-95,-10,184,-90
3234,7222,15100,-169,-1054,-109,6,184,-94
1894,4785,14679,-217,-976,-213,-9,191,-91
2235,5172,15191,-100,-1038,-68,-4,188,-80
2722,5272,15463,11,-822,-29,7,191,-81
3440,6885,16397,112,-559,-146,7,183,-83
2327,5711,15260,96,-541,-293,5,183,-73
2907,5743,15260,34,-785,-225,2,178,-88
3700,5854,15229,-32,-731,-219,2,176,-82
2732,5112,13676,-78,-570,-291,3,183,-77
2487,4405,13477,-162,-753,-266,4,172,-80
1544,2113,14800,-149,-886,28,0,184,-78
3561,5173,14548,-158,-603,259,6,174,-76
2675,5781,14710,-309,-556,156,3,167,-75
2191,5057,15375,-455,-808,160,7,171,-73
3788,4842,15212,-504,-914,404,9,165,-65
3223,4844,15221,-442,-830,662,14,168,-64
3438,5576,14377,-428,-731,1130,4,158,-66
4987,5308,13491,-560,-707,1369,8,160,-60
5241,4869,14115,-695,-588,991,12,148,-70
4960,4474,14405,-920,-463,551,-4,158,-62
5158,3956,14078,-1045,-290,314,13,157,-61
4965,3446,14260,-1006,-110,310,20,152,-60
5470,3919,14632,-956,-49,366,4,150,-58
6075,3598,14732,-764,154,306,4,150,-58
5764,3790,14937,-625,472,236,24,152,-54
5874,3901,14690,-578,899,398,19,151,-71
5522,3976,14710,-539,1063,413,26,160,-56
4654,4248,14582,-464,1276,490,18,148,-60
4225,4546,14465,-479,1278,668,25,163,-57
4286,4002,14680,-560,1184,614,19,165,-65
4583,3504,14707,-552,1298,567,22,164,-68
4272,3883,14356,-471,1480,536,21,171,-65
3765,3268,13995,-423,1485,415,22,168,-70
3485,3106,13240,-336,1330,310,26,172,-50
3580,2695,12792,-232,730,170,30,176,-62
3281,2728,13356,-169,-16,7,21,167,-61
3367,2692,14322,-32,-611,-77,27,175,-59
3570,2119,15446,-53,-718,-102,18,168,-58
3018,2495,15032,1,-501,-34,25,165,-67
3344,2435,15247,236,-140,-181,24,164,-60
3101,2552,14161,303,40,-196,18,178,-64
2757,2566,13796,285,-50,-186,30,168,-66
3181,2519,14236,230,-255,-45,14,170,-62
3192,2604,13980,65,-137,119,15,169,-59
3078,2744,13879,-36,-139,184,19,173,-67
3132,2860,14239,-77,-203,175,17,159,-67
2865,3053,14407,-99,-156,140,22,166,-68
2703,3233,14315,-96,-170,115,25,163,-63
2923,3142,14091,-40,-232,33,15,163,-65
3137,3023,14082,-5,-280,20,11,163,-61
3313,2885,14294,-14,-293,79,16,168,-60
3264,3035,14898,-29,-241,182,19,167,-61
3074,2970,15470,-76,-123,299,27,165,-61
3139,3114,15990,-115,-15,363,25,161,-65
2953,3136,16052,-183,114,371,18,156,-62
3049,3038,15914,-279,119,379,13,155,-57
3362,2647,16061,-426,61,362,20,162,-64
3252,2594,16461,-530,72,375,22,158,-62
3281,2733,16633,-489,12,448,17,159,-61
3131,2479,17259,-596,42,446,24,164,-54
2909,2259,17042,-635,208,532,22,156,-64
2978,2009,16637,-629,272,547,23,159,-59
2943,1838,16010,-611,352,524,22,150,-60
2835,1743,15559,-575,396,534,36,162,-62
2680,1668,15548,-538,382,535,20,164,-58
2599,1572,15820,-537,404,547,16,160,-66
2574,1548,15728,-535,419,547,29,163,-57
2428,1533,15873,-518,399,534,31,157,-57
2300,1574,16125,-490,377,498,26,164,-60
2177,1580,16294,-491,305,471,32,170,-60
1921,1474,16369,-467,90,465,32,170,-60
2347,1398,16487,-426,-176,545,29,155,-61
1563,1541,16637,-392,-173,836,23,157,-65
3427,875,15854,-380,-86,1105,33,159,-63
2881,1046,15393,-316,22,966,37,155,-63
3225,1089,15358,-328,134,927,37,161,-63
3142,800,15070,-379,272,855,37,153,-57
2892,554,14935,-423,379,911,31,161,-67
2733,112,15193,-424,396,1100,30,154,-58
2616,170,15567,-248,440,1275,30,152,-56
2687,438,14869,-88,267,1188,30,154,-60
2446,188,14901,-43,-36,1031,25,157,-65
2824,118,14537,-59,-189,1004,29,153,-63
2731,103,14114,-72,-158,943,28,152,-60
2857,23,13768,-109,-118,870,27,149,-53
3025,149,13690,-157,-70,801,33,149,-61
3085,-38,14057,-200,-51,712,30,154,-54
3075,-21,14190,-183,26,649,35,143,-61
3147,-8,14418,-131,66,592,24,154,-64
3010,-42,14958,-69,75,535,28,144,-66
3075,-63,15014,-27,8,536,30,150,-64
3315,-119,15460,6,-121,545,21,137,-59
3625,-100,15724,44,-45,521,22,144,-48
3641,-3,15749,42,89,465,23,149,-55
3708,-58,15633,15,93,438,18,146,-64
3876,-79,15874,-2,45,435,25,137,-63
3915,-77,15638,-24,56,436,21,135,-65
3642,-26,15692,-28,-27,445,23,143,-67
3422,7,15871,-30,-126,460,24,134,-62
3479,87,15694,-25,-150,475,25,139,-59
3333,-4,15210,-33,-141,475,29,135,-61
3304,59,15058,-44,-172,510,25,145,-59
3266,93,14918,-31,-149,543,21,137,-57
3654,-59,14211,-1,-99,593,22,136,-62
3848,23,14398,19,-125,509,21,143,-55
3907,10,14717,72,42,383,21,143,-55
3443,10,14893,100,194,291,14,136,-56
3727,-623,14650,158,243,336,14,130,-54
3307,262,14697,172,199,220,19,137,-59
3596,-153,14765,55,299,185,16,134,-66
3309,-85,14951,-24,344,181,13,145,-59
3147,14,15047,-46,215,187,18,140,-64
3194,30,15578,-79,134,193,10,142,-50
3112,-77,15776,-85,128,144,18,146,-56
2748,-92,16324,-38,125,63,17,141,-69
2560,-158,16233,32,144,112,10,138,-60
2826,-165,16094,79,66,221,18,144,-58
3311,-249,15791,160,88,329,23,141,-59
3205,3,15812,168,178,225,14,140,-62
2948,357,16020,179,205,163,17,141,-71
3015,433,15883,223,25,95,21,135,-55
2787,354,16491,418,-236,-90,13,131,-67
2639,332,17524,587,-276,-200,15,127,-67
2617,167,17809,710,-270,-330,22,136,-64
2563,202,17859,888,-248,-354,12,132,-60
2445,278,18067,911,-260,-295,13,135,-69
2363,364,17533,869,-150,-344,3,145,-69
2291,168,17225,742,9,-412,7,137,-67
2228,210,16989,621,197,-536,9,137,-73
2580,475,16727,514,382,-497,3,139,-75
2769,393,16349,363,513,-309,11,137,-69
2320,478,15983,267,531,-136,3,145,-69
2029,550,15964,199,462,7,13,143,-73
1908,893,15924,140,403,89,4,142,-74
1915,1271,15847,142,256,111,2,152,-74
1796,812,16257,76,75,182,-1,143,-71
1382,372,16123,19,177,128,-2,144,-74
1150,22,15768,7,393,16,3,143,-77
1411,239,15886,-31,567,-23,7,149,-83
1544,251,16138,-4,657,-32,8,146,-72
1785,329,16779,42,766,-106,-3,149,-75
1592,607,17072,76,984,-161,-2,158,-78
1417,528,16705,74,1116,-152,4,160,-74
1185,-129,18118,138,1265,-53,-5,149,-75
945,811,14782,124,1452,-9,1,163,-87
1577,944,15408,-48,1290,177,2,168,-80
984,780,15992,-59,1369,372,4,176,-88
623,860,16050,-83,1269,494,2,158,-90
370,786,15775,-201,984,556,6,170,-90
62,532,16170,-229,828,657,-2,174,-88
26,673,15504,-242,775,706,-4,168,-82
-121,364,15843,-293,665,731,-1,163,-77
-181,459,15278,-266,683,778,-5,171,-87
-507,590,16022,-256,646,681,-3,165,-93
-447,368,15758,-162,666,567,-1,159,-83
-545,420,15628,-93,651,491,1,173,-85
-266,529,15303,-44,586,420,-2,174,-90
-271,323,16326,62,520,345,5,175,-93
2,891,15582,163,643,289,-5,175,-95
-252,920,15768,226,706,186,-3,175,-101
-451,1120,15466,290,862,198,-3,175,-99
-408,1182,14212,190,1034,303,-1,177,-95
-194,1298,12951,-51,875,377,-11,179,-99
-552,829,12557,-192,404,370,0,170,-98
-701,769,12740,-288,-77,377,-5,183,-97
-763,719,13250,-416,-636,394,-10,172,-100
-605,1536,13287,-529,-1087,435,-9,173,-101
295,1422,13681,-584,-1105,526,-7,165,-83
449,272,14504,-385,-883,575,0,160,-90
524,-249,14752,128,-584,650,-9,163,-77
-12,-28,14630,705,-465,803,1,159,-85
-617,1427,14798,1215,-550,1020,-7,157,-89
-869,1541,14952,1468,-729,1246,-19,161,-77
-307,1406,14720,1654,-986,1269,-16,158,-84
6197,6723,32767,1487,-1406,1246,-15,151,-81
-2511,1593,1588,-2902,5433,914,-29,153,-89
-1411,4827,23847,-1769,1776,605,-15,157,-85
720,-1800,12769,-1648,2447,79,-11,161,-91
-350,1356,15287,-1213,1576,526,-16,166,-92
-620,218,13336,-1172,1731,517,-12,164,-92
-1378,580,13642,-961,1481,590,-10,164,-90
-1509,-27,14336,-865,1153,669,-10,178,-94
-1748,-218,14301,-681,1004,750,-8,170,-90
-1650,88,13938,-457,985,775,-1,175,-97
-2265,1349,12899,-135,1079,754,-9,173,-91
-3006,2046,12146,50,1012,680,-3,173,-89
-3264,2130,12343,90,715,603,-8,170,-94
-3527,2063,13456,48,355,520,-8,170,-94
-3777,1917,14878,-67,-6,432,-11,179,-103
-3130,1056,15829,-224,-266,376,-17,179,-95
-3208,1288,16513,-378,-339,341,-10,178,-96
-3236,1177,16068,-542,-259,267,-8,176,-96
-2189,-545,12343,-437,-597,268,-3,171,-89
-1785,-468,14601,-388,-332,266,-10,174,-86
-2263,-213,14245,-195,-276,187,-2,172,-90
-1880,-768,14888,-80,-160,184,-1,163,-93
-2555,-489,14283,-74,92,317,-1,167,-83
-2719,-178,14755,-55,84,394,-6,168,-90
-2917,-131,14479,-85,186,452,-5,169,-87
-3179,79,13475,25,113,489,-13,159,-83
-2970,-281,14806,-48,-206,455,-14,166,-84
-3550,386,15530,-266,-21,390,-5,169,-91
-3440,157,16165,-465,190,321,-13,167,-91
-3531,-828,16169,-609,498,465,-8,166,-86
196,-5789,16633,-1664,1529,1325,-1,169,-91
-3568,-3166,15278,-2293,730,3102,-7,167,-83
-6521,3633,16128,-2208,-6,3182,-3,159,-83
-8324,3615,19439,-1675,-226,1816,-11,153,-75
-6370,-12,11912,-601,66,-753,2,156,-76
-3642,-2220,15239,-280,-1016,-638,-3,159,-79
-3145,-4049,15076,-387,-1182,-40,-2,154,-74
-1503,192,14499,-134,-549,321,2,158,-80
-193,-1898,11894,-492,-2092,887,3,143,-79
-1281,-4522,11719,-607,-2245,1359,-7,141,-69
-1085,-3062,20280,-135,-2196,1747,-4,126,-62
-3039,-2584,22500,-243,-1312,1390,8,128,-66
-2897,-1927,21491,-361,-592,902,5,125,-53
-2987,-4251,23031,-791,-18,479,4,128,-68
-3646,296,16759,-1212,1385,957,6,122,-68
-3732,-2353,17478,-1358,1236,575,1,133,-73
-4543,-2757,16387,-1326,1396,587,6,130,-74
-5055,-2987,16593,-1125,1683,521,11,139,-75
-6000,-1591,15494,-871,1527,303,16,132,-80
-6195,-3036,16695,-839,1495,200,16,136,-72
-6519,-2358,16741,-842,1617,67,16,138,-76
-6361,-4329,16944,-1018,1582,-155,8,150,-72
-6250,-3717,16645,-926,1469,-333,26,152,-72
-6046,-3579,16078,-840,1143,-582,18,146,-74
-5428,-2569,15060,-695,654,-764,26,154,-68
-5641,-3066,14766,-568,388,-974,29,163,-69
-5878,-2725,14430,-752,348,-1085,32,158,-74
-6473,-1951,14518,-1317,-9,-1565,29,151,-59
-7645,-1232,14988,-1598,-67,-2037,44,166,-66
-19956,-17712,16245,-3405,793,-2435,38,166,-54
-13642,-9080,14149,-5643,49,-516,55,169,-59
-11951,-8836,18615,-6225,-917,-428,77,169,-47
-5637,-8102,12333,-7075,-451,-80,88,156,-42
-10827,-3356,12074,-6894,-889,-1506,104,162,-38
-6633,-7991,4090,-7054,-1186,-1454,122,152,-36
-6893,-9743,8642,-7361,-1265,-1665,138,158,-36
-4394,-9085,6781,-6036,-1527,-1747,159,143,-33
-4362,-8747,7206,-5659,-1633,-1846,174,150,-30
-2891,-9292,3458,-5458,-1548,-2037,188,140,-38
-3850,-10196,2844,-5412,-1485,-1909,198,134,-52
-2284,-10717,-430,-5474,-1253,-1735,208,134,-52
-179,-11160,-3268,-5729,-983,-1739,227,131,-53
-4420,-12468,-2987,-6030,-827,-1659,240,126,-54
1133,-9276,-1680,-6091,-1037,-1001,255,131,-65
-1177,-12116,-1581,-6356,-872,-1424,266,128,-74
1176,-10378,-849,-6024,-804,-1795,277,123,-81
-2889,-13600,-1027,-5974,-856,-2675,288,114,-94
350,-11744,-2764,-6023,-759,-3061,307,105,-103
1443,-11668,-2848,-5851,-970,-3376,314,106,-118
3998,-9787,-4910,-5531,-632,-3330,319,79,-121
6008,-9648,-5201,-4944,-666,-3110,326,86,-136
6501,-12070,-6767,-4261,-413,-2831,338,70,-156
7271,-11855,-8816,-3674,-453,-3084,331,61,-157
8078,-13674,-9740,-3605,-521,-3459,337,65,-171
8217,-12700,-9535,-3771,-365,-3569,342,58,-174
4871,-12033,-10380,-4092,-282,-3868,345,43,-185
12743,-10563,-5197,-4070,-331,-3374,344,44,-192
12772,-11735,-7066,-3224,284,-4154,355,23,-203
10642,-13155,-8410,-1963,466,-4617,348,16,-208
12665,-11671,-9467,-782,-545,-4727,350,4,-216
11220,-15302,-9610,-488,-626,-4555,344,-14,-214
14257,-14677,-9314,-506,-775,-3872,343,-15,-219
15214,-13322,-7818,-385,-91,-3619,335,-25,-227
14120,-12182,-7399,-387,-167,-3273,335,-25,-227
13610,-10594,-5381,-138,-527,-3030,314,-52,-218
12867,-14934,-6818,211,-381,-2824,310,-52,-222
14635,-14433,-8973,666,-281,-2296,317,-55,-215
17757,-8150,-18148,1041,-211,-2273,317,-61,-217
13905,-9750,-14006,-334,-1949,-3276,303,-73,-227
12794,-10364,-5657,-993,-2607,-3291,299,-85,-237
12558,-9649,-2535,185,-1912,-2746,291,-87,-237
12723,-9949,-5021,1239,-954,-2465,295,-89,-229
15443,-12483,-5072,2182,-436,-2237,284,-94,-230
16928,-17542,-7903,3567,29,-2122,284,-104,-224
17584,-20709,-2842,4564,-153,-2132,280,-102,-228
8357,-5037,-13613,1909,586,-1069,235,-113,-177
7244,-4771,-1346,-307,-1647,-2083,229,-119,-185
10577,-6794,-2945,146,-2359,-1889,227,-127,-195
14349,-6640,-4509,832,-2761,-1696,217,-133,-195
14580,-9311,-4341,1211,-2615,-1536,221,-133,-197
15553,-8860,-3568,1946,-1943,-1189,208,-130,-210
20203,-4006,-5629,743,-1557,-269,209,-139,-205
15354,-5814,-4654,801,-652,-648,213,-143,-209
20125,-2864,-2319,861,-1156,622,206,-138,-216
16524,-4285,-9046,835,197,23,206,-140,-210
15322,-6330,-12428,346,-334,-23,214,-146,-206
15181,-4152,-6871,-396,-1221,-90,206,-136,-210
12521,-4200,-4093,-738,-1069,-91,209,-143,-215
12379,-5047,-2557,-672,-931,-44,213,-137,-217
13595,-6506,-4955,-411,-836,-7,207,-141,-217
15480,-5227,-4223,-97,-646,-4,209,-141,-215
15471,-5099,-6215,2,-567,-187,217,-143,-215
15042,-4513,-6149,2,-305,-391,206,-140,-216
17523,-5382,-7918,1616,-1942,118,201,-145,-217
16412,-6668,-8888,1377,-2175,138,192,-148,-226
12561,-7679,-8135,920,-1932,-8,197,-145,-235
12033,-8420,-8289,350,-915,-182,207,-149,-239
11467,-7392,-10637,-468,-295,-294,204,-144,-248
11230,-6815,-10824,-1009,-95,-355,194,-140,-248
10839,-5542,-9100,-1348,-733,-309,200,-148,-252
12522,-7313,-7270,-1614,-1499,-256,196,-152,-248
11670,-7063,-5876,-1274,-1976,-150,191,-147,-259
11013,-8184,-5783,-1072,-2309,-113,201,-147,-259
11276,-7439,-7452,-786,-2901,6,202,-144,-266
11176,-6333,-8715,-562,-3425,110,205,-149,-269
12711,-4911,-6766,-198,-3788,91,198,-146,-290
13536,-6822,-6871,463,-3256,152,197,-147,-295
-5389,-5393,-5993,583,-2258,576,204,-150,-300
6831,-7448,-10237,-168,-1627,390,197,-147,-301
3774,-6125,-11560,152,-1202,46,203,-151,-305
5627,-6889,-12967,-241,-1241,-385,203,-151,-307
5962,-5514,-13311,-30,-1364,-444,197,-151,-311
7678,-5925,-14767,-176,-1258,-800,197,-145,-317
11392,-6451,-12095,-215,-1418,-1381,195,-137,-317
10066,-4490,-16116,449,-1167,281,199,-137,-327
14996,-7663,-13987,906,-522,261,200,-136,-336
12765,-5632,-12544,382,-181,187,202,-138,-338
13257,-4555,-12781,-170,61,116,201,-133,-329
12748,-5459,-12223,-578,-210,-447,202,-136,-340
11530,-5926,-12560,-1103,-161,-401,200,-142,-352
9809,-5248,-13332,-1834,-60,277,195,-143,-347
18964,-2465,-18147,-2595,-354,426,202,-142,-344
14389,-45,-18460,-2806,-1346,-1610,202,-136,-340
10852,3326,-18904,-3839,-2608,-3881,190,-130,-358
10374,-3075,-17124,-4690,-1160,-4304,177,-143,-375
9364,-10558,-27284,-3952,1974,-2765,163,-141,-365
9204,-5755,-29943,-1897,444,-1058,160,-146,-368
8133,-1652,-28901,-1425,-1151,-87,150,-154,-364
8291,1448,-26582,-1401,-2330,394,150,-154,-364
18350,941,-518,-493,-1680,248,145,-143,-377
20204,-1809,-11839,329,2615,-663,152,-148,-362
16804,405,-14097,765,4376,-1253,143,-153,-351
17915,3693,-14974,871,5016,-1889,148,-146,-342
17623,5031,-13413,705,5764,-3101,136,-156,-326
19608,3451,-14095,231,7300,-3883,122,-158,-304
19796,2746,-18179,741,8028,-3620,108,-168,-282
19281,6617,-14918,830,6267,-2318,104,-158,-264
18240,4308,-14477,329,4374,-1636,111,-167,-263
17150,4657,-12701,48,2852,-668,106,-162,-250
16290,3959,-11743,-43,2094,-185,101,-157,-251
14926,3755,-9837,-53,1671,188,107,-167,-239
13227,3147,-7893,-100,1459,344,107,-163,-247
11642,2723,-6598,-137,1424,401,112,-160,-246
10408,1276,-6861,-163,1232,465,116,-166,-224
9731,813,-6308,-257,690,638,117,-157,-229
9265,250,-5940,-315,204,727,113,-153,-235
9040,-181,-5728,-322,-115,801,121,-167,-235
8963,-313,-5422,-303,-411,873,109,-163,-231
9036,-391,-4679,-259,-547,865,115,-153,-235
9292,-424,-3395,-186,-381,788,115,-155,-231
9223,-584,-3141,-105,44,640,123,-161,-241
9071,-885,-3169,-50,458,503,123,-161,-235
8802,-1069,-3294,-32,671,402,124,-156,-228
9146,-1268,-3219,-74,573,324,128,-162,-234
9349,-1277,-2479,-71,629,249,131,-161,-235
9547,-1379,-3758,-72,740,177,122,-162,-230
9844,-1712,-4409,-101,476,176,130,-166,-220
9805,-1892,-4936,-92,248,178,137,-151,-221
9939,-2142,-5592,-85,98,150,131,-155,-227
10258,-1994,-5923,-74,-170,127,134,-160,-226
10890,-1691,-6070,-86,-419,94,129,-153,-229
11453,-1469,-6076,-128,-587,56,125,-151,-229
12034,-1210,-5971,-180,-651,28,136,-158,-226
12552,-955,-5987,-223,-541,-19,129,-167,-231
13240,-703,-5896,-251,-302,-73,129,-157,-231
13965,-446,-6149,-248,19,-145,131,-161,-235
14160,-279,-6463,-236,191,-187,127,-159,-227
14366,-200,-6312,-235,51,-183,130,-156,-228
14665,14,-6100,-229,-103,-166,128,-164,-228
15531,249,-5922,-220,-118,-133,129,-163,-227
16137,315,-6687,-204,-98,-77,131,-163,-231
15601,-191,-8685,-302,215,-3,126,-154,-238
15708,-379,-9840,-265,341,-47,138,-162,-234
16048,-516,-10190,-214,129,-13,132,-162,-234
16148,-452,-9995,-153,-129,57,137,-163,-227
16119,-588,-9905,-117,-403,125,134,-164,-232
16132,-851,-9056,-101,-540,184,134,-160,-234
15805,-1156,-9308,-44,-387,210,133,-151,-241
15327,-1383,-8690,-6,-250,205,137,-153,-239
14933,-1655,-8843,11,-84,159,145,-157,-231
14889,-1786,-8919,-4,-92,119,135,-165,-233
14957,-2024,-8895,3,-106,96,134,-156,-234
15000,-2133,-8490,40,-108,93,143,-157,-237
14828,-2311,-8122,85,-155,89,134,-158,-232
14837,-2334,-7333,99,-258,93,134,-158,-236
14900,-2358,-6866,87,-291,94,129,-159,-239
15072,-2318,-6727,56,-349,103,127,-157,-241
15413,-2327,-6672,24,-400,127,137,-163,-237
15425,-2397,-6681,16,-342,125,129,-169,-243
15395,-2434,-7207,8,-285,113,132,-164,-234
15434,-2506,-7799,-11,-325,112,138,-166,-246
15640,-2445,-8508,-11,-245,85,133,-167,-239
15801,-2369,-9283,-4,-178,55,143,-163,-237
15967,-2284,-9857,4,-144,48,148,-162,-246
16042,-2233,-10320,29,-158,48,138,-166,-248
16154,-2159,-10575,58,-220,57,136,-156,-246
16238,-2028,-10440,99,-166,64,143,-165,-243
16327,-1931,-10322,116,-143,69,136,-164,-248
16474,-1837,-9769,119,-152,82,141,-165,-253
16293,-1703,-9405,122,-116,86,138,-162,-238
16388,-1631,-8958,114,-59,83,135,-165,-245
16327,-1578,-9174,131,103,59,132,-168,-254
16360,-1612,-9397,133,143,47,133,-157,-247
16362,-1509,-9672,158,143,48,133,-157,-247
16193,-1446,-9935,178,104,54,148,-170,-244
15797,-1440,-10014,184,20,69,147,-165,-247
15553,-1479,-9620,202,51,77,145,-165,-243
15208,-1486,-10010,236,203,53,143,-163,-251
15007,-1518,-9222,252,171,50,142,-158,-244
14732,-1661,-8539,301,352,21,149,-163,-249
14284,-1847,-8733,354,521,-18,143,-157,-243
14319,-1873,-8352,355,393,-7,135,-157,-239
14339,-1942,-7677,364,319,5,136,-162,-242
14252,-2035,-7574,379,299,8,151,-157,-243
14493,-2177,-7523,379,201,27,144,-164,-234
13732,-3341,-6226,533,987,64,143,-165,-227
13484,-3454,-6031,533,934,69,140,-154,-222
13321,-3667,-6770,553,861,36,133,-161,-223
13176,-3683,-7564,516,474,40,140,-156,-216
13473,-3348,-7422,447,17,55,148,-160,-218
13866,-2844,-7237,419,-139,46,141,-153,-237
14365,-2463,-7459,362,-216,49,147,-153,-223
14716,-2129,-7669,286,-328,68,140,-154,-222
15014,-1939,-8089,221,-474,103,144,-156,-220
15256,-1841,-8333,200,-578,138,138,-156,-226
15254,-1744,-8236,222,-604,173,135,-157,-231
15389,-1710,-8408,265,-550,197,142,-150,-230
15266,-1693,-8122,312,-535,219,142,-158,-230
15117,-1792,-7862,356,-395,215,147,-161,-227
14853,-1909,-8040,375,-279,201,143,-151,-233
14627,-2131,-7415,387,-158,181,143,-155,-233
14065,-2465,-7761,408,70,138,144,-170,-230
13898,-2692,-7712,383,70,106,144,-164,-228
13775,-2843,-7994,368,0,77,147,-161,-227
13854,-2960,-8094,350,-119,68,149,-163,-231
13995,-3058,-8153,336,-219,60,150,-150,-230
14008,-2985,-7977,318,-263,48,153,-157,-225
14113,-3098,-8062,286,-254,42,148,-152,-234
14169,-3218,-8272,261,-298,43,137,-155,-237
14424,-3286,-8431,253,-271,41,143,-161,-235
14539,-3262,-8260,269,-153,17,142,-160,-234
14455,-3326,-8409,279,-67,-11,148,-166,-236
14654,-3216,-8343,267,-50,-26,144,-162,-226
14907,-3065,-8334,242,-99,-29,144,-164,-234
15224,-2988,-7872,214,-116,-28,153,-167,-233
15384,-2891,-7540,207,-4,-35,141,-169,-229
15407,-2882,-7436,203,95,-39,147,-163,-219
15360,-2687,-7288,180,134,-34,144,-158,-240
15439,-2638,-7435,144,103,-23,143,-159,-239
15532,-2702,-7557,113,9,-3,140,-162,-230
15363,-2588,-7513,103,-85,37,149,-163,-227
15222,-2670,-7500,91,-161,73,143,-163,-231
15034,-2765,-7528,77,-212,92,142,-160,-238
14857,-2826,-7250,56,-243,96,150,-158,-234
14932,-2861,-7377,37,-229,88,146,-166,-238
15060,-3026,-7550,20,-163,88,147,-157,-231
15084,-3292,-7727,6,-38,89,142,-158,-236
15105,-3543,-7655,5,10,90,139,-155,-239
14949,-3785,-7658,3,72,73,149,-155,-237
14891,-3961,-7815,-5,103,58,142,-162,-234
15002,-4072,-7686,-25,52,39,145,-165,-235
15285,-4106,-7323,-32,55,23,150,-166,-232
15157,-4265,-7520,-2,203,-13,147,-159,-239
15320,-4309,-7696,-12,274,-27,148,-162,-236
15613,-4235,-7769,-7,328,-23,153,-157,-235
15715,-4153,-8024,-18,323,-2,148,-162,-232
15653,-4228,-8343,-41,239,36,138,-162,-230
15390,-4527,-8338,-53,136,63,146,-156,-230
15031,-4716,-8522,-46,126,60,148,-162,-226
15044,-4743,-8609,-24,119,42,148,-158,-234
15092,-4496,-8278,14,169,16,145,-159,-235
15020,-4283,-8380,29,199,-8,148,-158,-238
15254,-4043,-8314,13,183,-26,142,-164,-224
15355,-3902,-8731,13,236,-43,141,-159,-225
15486,-3766,-8532,25,239,-18,150,-156,-230
15436,-3740,-8062,42,186,19,147,-155,-229
15223,-3666,-7154,62,175,34,144,-160,-226
14938,-3757,-6914,73,160,43,146,-158,-228
14733,-3914,-6366,59,51,69,146,-158,-228
14328,-3969,-5728,55,102,60,147,-155,-225
13966,-4108,-5804,60,236,21,152,-162,-220
13704,-4133,-5965,38,235,-10,147,-157,-229
13793,-4041,-6042,4,166,-32,146,-160,-222
14026,-3908,-6138,-13,157,-47,144,-166,-224
14080,-3804,-6563,-2,218,-47,143,-159,-219
14092,-3705,-6667,-1,130,-17,154,-162,-214
14174,-3507,-6138,0,49,6,142,-164,-226
14298,-3464,-5876,5,117,-7,150,-152,-222
14296,-3442,-5662,0,166,-22,146,-162,-222
14347,-3473,-5642,-6,157,-37,155,-159,-219
14370,-3525,-5527,1,133,-44,158,-152,-216
14234,-3607,-5653,3,127,-52,152,-162,-208
14416,-3598,-5771,-9,105,-47,154,-160,-226
14478,-3675,-5852,-27,88,-48,151,-157,-221
14406,-3877,-6263,-37,81,-58,145,-157,-211
14651,-4037,-6424,-51,71,-76,153,-155,-217
15027,-4031,-6945,-43,158,-107,147,-163,-217
15237,-3907,-7169,-46,168,-127,155,-159,-211
15558,-3761,-7521,-40,152,-122,149,-161,-225
15706,-3589,-7539,-46,10,-84,153,-157,-223
15743,-3406,-7013,-52,-97,-45,139,-159,-225
15753,-3276,-6597,-43,2,-45,149,-157,-207
15958,-3226,-6551,-42,117,-56,147,-159,-217
16134,-3265,-6502,-27,186,-56,147,-155,-217
16214,-3298,-6105,-16,273,-53,144,-160,-210
16302,-3388,-6259,1,380,-45,143,-153,-213
16166,-3547,-6240,21,394,-38,145,-153,-217
16065,-3651,-6098,17,349,-24,142,-162,-214
16059,-3841,-6020,6,379,-21,139,-159,-215
15851,-3995,-6650,-6,406,-22,139,-149,-217
15741,-4093,-6758,-17,273,5,142,-154,-208
15688,-4090,-6815,-10,176,37,147,-159,-215
15489,-4166,-6561,-3,124,53,141,-155,-209
15336,-4163,-6440,-5,71,65,141,-157,-203
15081,-4126,-5961,-9,77,57,139,-155,-211
14716,-4160,-6130,-14,250,11,150,-154,-208
14721,-4102,-6225,-40,296,-33,150,-158,-200
14625,-4061,-6319,-41,314,-74,147,-155,-203
14732,-3997,-6236,-42,327,-100,150,-156,-208
14922,-3915,-6205,-24,302,-119,139,-157,-207
15283,-3812,-5861,4,338,-135,143,-163,-205
15350,-3922,-5868,45,419,-150,144,-154,-202
15417,-3852,-5451,58,322,-125,150,-152,-202
15505,-3767,-5183,69,210,-87,147,-157,-199
15488,-3709,-4827,63,135,-55,152,-154,-196
15603,-3658,-4432,56,58,-34,135,-153,-197
15743,-3714,-4368,36,21,-7,145,-153,-205
15908,-3948,-4525,11,-46,21,145,-153,-201
15950,-4126,-4725,-7,-66,34,147,-155,-203
16014,-4389,-5263,-14,-70,41,140,-168,-194
16048,-4539,-5848,-10,-56,44,148,-146,-196
16049,-4640,-5770,11,16,35,149,-157,-205
15913,-4870,-6264,35,130,14,142,-152,-204
15824,-5074,-6520,42,140,2,146,-154,-200
15818,-5176,-6604,64,169,-23,149,-155,-205
15985,-5211,-6653,82,194,-65,139,-151,-201
16255,-5326,-6823,89,227,-114,146,-154,-206
16647,-5338,-7228,105,382,-184,149,-163,-199
17016,-5260,-7506,130,449,-220,151,-155,-197
17165,-5384,-7234,169,438,-227,134,-152,-192
17277,-5624,-6885,223,533,-244,149,-149,-193
17637,-5684,-6446,290,709,-286,141,-153,-205
17958,-5637,-6336,340,862,-315,139,-155,-187
18535,-5444,-6708,372,791,-301,136,-152,-192
19023,-5461,-7188,419,582,-268,143,-153,-189
19248,-5575,-7580,584,466,-247,136,-150,-192
18341,-5532,-7279,835,569,-279,137,-149,-191
0,0,0,0,0,0,0,0,0
17886,20,-1758,1353,1758,-731,132,-146,-182
20837,-5368,-6402,626,2571,-2214,123,-147,-169
18745,-9344,-10539,931,2138,-1957,127,-151,-175
17145,-6346,-6345,1843,1679,-994,120,-148,-162
17157,-5524,-4238,1724,569,-587,107,-141,-153
17671,-3227,-1182,1655,81,-485,113,-139,-161
17192,-3392,524,1534,974,-1212,99,-139,-163
14228,-8000,29,1352,2281,-1839,95,-137,-161
16090,1287,2408,2055,-1925,336,81,-139,-155
15937,1901,4269,1585,-1291,405,74,-138,-166
16439,1761,1082,960,-942,578,74,-132,-164
8581,13021,-3782,820,-1340,905,86,-138,-168
4535,10767,-318,-1514,-4288,-1359,83,-135,-167
9629,2229,1247,-3217,-6598,-2856,73,-145,-185
15040,10768,-7729,-4827,-7162,-2841,72,-148,-200
15129,5119,1777,-4597,-6867,-2550,49,-149,-293
7278,593,-5455,893,3548,2452,91,-167,-259
9567,-1407,-3076,383,3189,1784,95,-169,-245
10110,-1182,-2154,306,3711,1535,102,-166,-234
10738,-550,-3253,260,3559,1306,105,-155,-219
11929,504,-3102,227,2438,1208,103,-169,-213
12124,-148,-114,123,1569,1030,106,-158,-210
11152,-727,-255,280,1790,1068,111,-159,-213
11684,-629,-574,237,1552,999,102,-162,-202
15600,892,-3454,168,1139,876,112,-156,-208
17131,2060,-5191,-15,-150,795,114,-156,-204
12226,16,-2798,-442,-2265,835,122,-156,-208
11736,-1883,-3486,-754,-2507,1125,119,-161,-219
12878,-2581,-6238,-1012,-2335,586,127,-157,-219
11102,-2982,-8486,-1321,-3505,18,120,-160,-234
9006,-3716,-8180,-1426,-4086,16,130,-158,-248
11518,-3104,-10866,-1158,-1945,-67,127,-167,-259
15092,-2384,-12827,-921,-1185,-35,132,-166,-256
12974,-1965,-11652,-881,-1033,86,117,-163,-259
13790,-1931,-12046,-870,-483,24,130,-160,-252
14068,-2021,-11014,-955,-431,39,135,-163,-261
15610,-3331,-12991,-938,-418,216,124,-162,-262
12412,-2326,-13909,-1196,-447,399,129,-157,-261
13107,-3112,-16008,-1135,-122,236,130,-162,-272
13769,-3235,-18423,-856,131,215,129,-161,-269
15071,-3780,-18493,-538,-94,218,132,-156,-256
14879,-2239,-17998,-267,-236,272,134,-162,-262
17672,-3473,-16624,-62,-102,249,137,-163,-269
17162,-3989,-13739,-149,2,480,132,-162,-272
15789,-2753,-16917,-230,-3,521,141,-171,-263
17626,-3519,-16904,-340,-200,467,139,-157,-265
17054,-4266,-17465,-381,-360,455,137,-161,-269
17310,-4181,-17675,-332,-309,395,133,-167,-267
17410,-3951,-17015,-243,-144,247,147,-165,-275
16929,-3972,-16000,-95,-133,149,144,-158,-270
16850,-4577,-13577,154,-35,95,143,-165,-265
16057,-3594,-12790,88,164,219,132,-154,-264
14779,-2731,-12823,12,222,233,148,-164,-274
14947,-2757,-11526,91,324,237,141,-167,-273
14574,-2768,-11226,139,461,260,148,-160,-274
13953,-2901,-10659,131,517,193,147,-157,-263
14037,-2990,-10287,99,700,90,141,-165,-271
14723,-2769,-11552,129,833,-21,151,-165,-259
14596,-2731,-11993,185,782,-113,145,-161,-263
14526,-2384,-11879,199,624,-198,147,-157,-251
14913,-2245,-11115,253,514,-255,151,-169,-249
15835,-1778,-11264,301,351,-255,138,-162,-258
16063,-1665,-12004,215,382,-288,147,-169,-257
16892,-1733,-12814,240,658,-378,143,-161,-253
17142,-2231,-12589,262,748,-371,137,-167,-265
16196,-2501,-12010,205,734,-336,141,-163,-247
15809,-2617,-11067,164,756,-256,142,-166,-254
15927,-2288,-10344,125,799,-201,142,-166,-244
16097,-2068,-10118,119,815,-164,142,-168,-244
17161,-2029,-10006,114,848,-66,138,-164,-236
16695,-2137,-9791,128,987,88,136,-168,-238
16457,-2247,-9391,143,1041,196,140,-158,-246
16927,-2217,-9062,172,996,270,146,-164,-232
16009,-2360,-8103,237,1034,323,141,-161,-237
14775,-2303,-6904,263,1018,295,142,-156,-234
14827,-2819,-5370,204,877,106,146,-168,-222
14441,-2885,-4290,131,1153,17,146,-168,-222
13395,-2608,-3888,87,1435,-73,142,-164,-222
13659,-3379,-2559,-25,1432,-187,147,-151,-213
12599,-2851,-2053,-89,1607,-168,138,-160,-212
12839,-2549,-1973,-171,1700,-228,148,-154,-210
13944,-1922,-3407,-235,1736,-265,142,-158,-204
15151,-1779,-6021,-159,1662,-313,144,-154,-204
15719,-1731,-7598,37,1084,-341,140,-152,-200
16349,-2266,-6814,233,409,-287,139,-159,-199
15526,-2148,-5399,410,5,-267,141,-145,-207
15157,-1832,-3258,490,-112,-297,137,-153,-191
15087,-2035,-3195,403,57,-301,135,-155,-199
14650,-2455,-6613,283,-32,-217,135,-151,-205